film_uri,rank,neighbour_key,neighbour_title,neighbour_year,neighbour_rating,neighbour_tmdb_id,neighbour_poster,share,neighbour_sensitive
https://boxd.it/6hQu,1,Obsession (2025),Obsession,2025,4.0,1339713.0,/bRwnj8WEKBCvmfeUNOukJPwB43K.jpg,0.038210936,False
https://boxd.it/6hQu,2,Mortal Kombat II (2026),Mortal Kombat II,2026,2.0,931285.0,/hwRdDFIhaEmpRgoki805YvyyjZf.jpg,0.035456415,False
https://boxd.it/6hQu,3,Spider-Man: Brand New Day (2026),Spider-Man: Brand New Day,2026,3.5,969681.0,/bjiS5ipwxb9JFy3XRRN4OAilSeX.jpg,0.034387514,False
https://boxd.it/6hQu,4,Mayday (2026),Mayday,2026,2.0,1137844.0,/hVXjX1jLZ1ljFSNGXpjJfbTUOa7.jpg,0.033694517,False
https://boxd.it/6hQu,5,The Mandalorian and Grogu (2026),The Mandalorian and Grogu,2026,2.5,1228710.0,/uwMKWjcNID0D9jjplsjkQS2OrB4.jpg,0.03049983,False
https://boxd.it/lbJC,1,Send Help (2026),Send Help,2026,3.0,1198994.0,/zbJWVHOtj3ljBzWgL1P8pxP03Up.jpg,0.03526687,False
https://boxd.it/lbJC,2,The Rocky Horror Picture Show (1975),The Rocky Horror Picture Show,1975,1.5,36685.0,/3pyE6ZqDbuJi7zrNzzQzcKTWdmN.jpg,0.02874843,False
https://boxd.it/lbJC,3,The Mandalorian and Grogu (2026),The Mandalorian and Grogu,2026,2.5,1228710.0,/uwMKWjcNID0D9jjplsjkQS2OrB4.jpg,0.02849445,False
https://boxd.it/lbJC,4,The Last Sunrise (2026),The Last Sunrise,2026,2.5,1516698.0,/3PWJqDfygN0YNNjWsDUOXclCp3h.jpg,0.026271245,False
https://boxd.it/lbJC,5,Masters of the Universe (2026),Masters of the Universe,2026,3.0,454639.0,/oRuyGUHdoaQxWP3SDfafGkStxTC.jpg,0.024705755,False
https://boxd.it/jz2e,1,Mayday (2026),Mayday,2026,2.0,1137844.0,/hVXjX1jLZ1ljFSNGXpjJfbTUOa7.jpg,0.06018751,False
https://boxd.it/jz2e,2,Spider-Man: Brand New Day (2026),Spider-Man: Brand New Day,2026,3.5,969681.0,/bjiS5ipwxb9JFy3XRRN4OAilSeX.jpg,0.05693493,False
https://boxd.it/jz2e,3,Mortal Kombat II (2026),Mortal Kombat II,2026,2.0,931285.0,/hwRdDFIhaEmpRgoki805YvyyjZf.jpg,0.053005494,False
https://boxd.it/jz2e,4,Obsession (2025),Obsession,2025,4.0,1339713.0,/bRwnj8WEKBCvmfeUNOukJPwB43K.jpg,0.05288228,False
https://boxd.it/jz2e,5,The Mandalorian and Grogu (2026),The Mandalorian and Grogu,2026,2.5,1228710.0,/uwMKWjcNID0D9jjplsjkQS2OrB4.jpg,0.048978616,False
https://boxd.it/nVkC,1,Thor: Love and Thunder (2022),Thor: Love and Thunder,2022,4.0,616037.0,/pIkRyD18kl4FhoCNQuWxWu5cBLM.jpg,0.07822175,False
https://boxd.it/nVkC,2,The Naked Gun (2025),The Naked Gun,2025,4.0,1035259.0,/rwla9vqzrKVVKVKiOuROTIXGsxj.jpg,0.07290669,False
https://boxd.it/nVkC,3,Indiana Jones and the Dial of Destiny (2023),Indiana Jones and the Dial of Destiny,2023,3.5,335977.0,/Af4bXE63pVsb2FtbW8uYIyPBadD.jpg,0.049225904,False
https://boxd.it/nVkC,4,Wolfs (2024),Wolfs,2024,3.0,877817.0,/vOX1Zng472PC2KnS0B9nRfM8aaZ.jpg,0.046081763,False
https://boxd.it/nVkC,5,Bodies Bodies Bodies (2022),Bodies Bodies Bodies,2022,4.0,520023.0,/hSuTjDmqRdy7Dii8ymnF2WILTeP.jpg,0.045619063,False
https://boxd.it/mQbe,1,The Mandalorian and Grogu (2026),The Mandalorian and Grogu,2026,2.5,1228710.0,/uwMKWjcNID0D9jjplsjkQS2OrB4.jpg,0.048874307,False
https://boxd.it/mQbe,2,The Rocky Horror Picture Show (1975),The Rocky Horror Picture Show,1975,1.5,36685.0,/3pyE6ZqDbuJi7zrNzzQzcKTWdmN.jpg,0.04648608,False
https://boxd.it/mQbe,3,Spider-Man: Brand New Day (2026),Spider-Man: Brand New Day,2026,3.5,969681.0,/bjiS5ipwxb9JFy3XRRN4OAilSeX.jpg,0.037634015,False
https://boxd.it/mQbe,4,Mayday (2026),Mayday,2026,2.0,1137844.0,/hVXjX1jLZ1ljFSNGXpjJfbTUOa7.jpg,0.03749142,False
https://boxd.it/mQbe,5,Mortal Kombat II (2026),Mortal Kombat II,2026,2.0,931285.0,/hwRdDFIhaEmpRgoki805YvyyjZf.jpg,0.036454532,False
https://boxd.it/oyws,1,The Rocky Horror Picture Show (1975),The Rocky Horror Picture Show,1975,1.5,36685.0,/3pyE6ZqDbuJi7zrNzzQzcKTWdmN.jpg,0.03509004,False
https://boxd.it/oyws,2,The Mandalorian and Grogu (2026),The Mandalorian and Grogu,2026,2.5,1228710.0,/uwMKWjcNID0D9jjplsjkQS2OrB4.jpg,0.03445164,False
https://boxd.it/oyws,3,Mayday (2026),Mayday,2026,2.0,1137844.0,/hVXjX1jLZ1ljFSNGXpjJfbTUOa7.jpg,0.03132261,False
https://boxd.it/oyws,4,Spider-Man: Brand New Day (2026),Spider-Man: Brand New Day,2026,3.5,969681.0,/bjiS5ipwxb9JFy3XRRN4OAilSeX.jpg,0.030818386,False
https://boxd.it/oyws,5,Obsession (2025),Obsession,2025,4.0,1339713.0,/bRwnj8WEKBCvmfeUNOukJPwB43K.jpg,0.029594304,False
https://boxd.it/sxVa,1,The Last Sunrise (2026),The Last Sunrise,2026,2.5,1516698.0,/3PWJqDfygN0YNNjWsDUOXclCp3h.jpg,0.036756475,False
https://boxd.it/sxVa,2,Nobody 2 (2025),Nobody 2,2025,2.0,1007734.0,/svXVRoRSu6zzFtCzkRsjZS7Lqpd.jpg,0.020106003,False
https://boxd.it/sxVa,3,The Drama (2026),The Drama,2026,3.5,1325734.0,/rnIOUhzwJDfgQakx8EjoNyItKgs.jpg,0.019367678,False
https://boxd.it/sxVa,4,Send Help (2026),Send Help,2026,3.0,1198994.0,/zbJWVHOtj3ljBzWgL1P8pxP03Up.jpg,0.017664189,False
https://boxd.it/sxVa,5,Uncharted (2022),Uncharted,2022,3.5,335787.0,/rJHC1RUORuUhtfNb4Npclx0xnOf.jpg,0.016936556,False
https://boxd.it/4E5i,1,Obsession (2025),Obsession,2025,4.0,1339713.0,/bRwnj8WEKBCvmfeUNOukJPwB43K.jpg,0.0348418,False
https://boxd.it/4E5i,2,Dune: Part Two (2024),Dune: Part Two,2024,4.5,693134.0,/6izwz7rsy95ARzTR3poZ8H6c5pp.jpg,0.03327686,False
https://boxd.it/4E5i,3,Mortal Kombat II (2026),Mortal Kombat II,2026,2.0,931285.0,/hwRdDFIhaEmpRgoki805YvyyjZf.jpg,0.030117432,False
https://boxd.it/4E5i,4,Spider-Man: Brand New Day (2026),Spider-Man: Brand New Day,2026,3.5,969681.0,/bjiS5ipwxb9JFy3XRRN4OAilSeX.jpg,0.029843623,False
https://boxd.it/4E5i,5,Mayday (2026),Mayday,2026,2.0,1137844.0,/hVXjX1jLZ1ljFSNGXpjJfbTUOa7.jpg,0.02967046,False
https://boxd.it/bDG2,1,Rye Lane (2023),Rye Lane,2023,4.5,1049638.0,/int5eEKNc8g0V5i3XYaPeaC6paD.jpg,0.030440338,False
https://boxd.it/bDG2,2,The Rocky Horror Picture Show (1975),The Rocky Horror Picture Show,1975,1.5,36685.0,/3pyE6ZqDbuJi7zrNzzQzcKTWdmN.jpg,0.02895536,False
https://boxd.it/bDG2,3,Nobody 2 (2025),Nobody 2,2025,2.0,1007734.0,/svXVRoRSu6zzFtCzkRsjZS7Lqpd.jpg,0.022568887,False
https://boxd.it/bDG2,4,The Drama (2026),The Drama,2026,3.5,1325734.0,/rnIOUhzwJDfgQakx8EjoNyItKgs.jpg,0.022208305,False
https://boxd.it/bDG2,5,Mickey 17 (2025),Mickey 17,2025,3.5,696506.0,/edKpE9B5qN3e559OuMCLZdW1iBZ.jpg,0.022003284,False
https://boxd.it/1Iik,1,The Rocky Horror Picture Show (1975),The Rocky Horror Picture Show,1975,1.5,36685.0,/3pyE6ZqDbuJi7zrNzzQzcKTWdmN.jpg,0.037160218,False
https://boxd.it/1Iik,2,The Mandalorian and Grogu (2026),The Mandalorian and Grogu,2026,2.5,1228710.0,/uwMKWjcNID0D9jjplsjkQS2OrB4.jpg,0.034425873,False
https://boxd.it/1Iik,3,Mortal Kombat II (2026),Mortal Kombat II,2026,2.0,931285.0,/hwRdDFIhaEmpRgoki805YvyyjZf.jpg,0.031048888,False
https://boxd.it/1Iik,4,Obsession (2025),Obsession,2025,4.0,1339713.0,/bRwnj8WEKBCvmfeUNOukJPwB43K.jpg,0.030812237,False
https://boxd.it/1Iik,5,Rise of the Planet of the Apes (2011),Rise of the Planet of the Apes,2011,4.5,61791.0,/oqA45qMyyo1TtrnVEBKxqmTPhbN.jpg,0.030701678,False
https://boxd.it/skWY,1,The Rocky Horror Picture Show (1975),The Rocky Horror Picture Show,1975,1.5,36685.0,/3pyE6ZqDbuJi7zrNzzQzcKTWdmN.jpg,0.037022293,False
https://boxd.it/skWY,2,The Mandalorian and Grogu (2026),The Mandalorian and Grogu,2026,2.5,1228710.0,/uwMKWjcNID0D9jjplsjkQS2OrB4.jpg,0.035053287,False
https://boxd.it/skWY,3,Mayday (2026),Mayday,2026,2.0,1137844.0,/hVXjX1jLZ1ljFSNGXpjJfbTUOa7.jpg,0.030475792,False
https://boxd.it/skWY,4,The Drama (2026),The Drama,2026,3.5,1325734.0,/rnIOUhzwJDfgQakx8EjoNyItKgs.jpg,0.029956277,False
https://boxd.it/skWY,5,Eternity (2025),Eternity,2025,4.0,1259102.0,/yiwGcjfDKXD5PqQnyKUU9kspWQQ.jpg,0.029506592,False
https://boxd.it/u7UO,1,Interceptor (2022),Interceptor,2022,2.5,831946.0,/jBKNAfANo4e3rzJtb7aHfYNd7b3.jpg,0.04775418,False
https://boxd.it/u7UO,2,Brothers (2024),Brothers,2024,1.0,616446.0,/Akweo95FGyDpucYVT81h0SbX8Ky.jpg,0.040350284,False
https://boxd.it/u7UO,3,Rebel Moon – Part Two: The Scargiver (2024),Rebel Moon – Part Two: The Scargiver,2024,1.0,934632.0,/95gnJZIk2rEkMO0Ch46x5CVjnms.jpg,0.04019532,False
https://boxd.it/u7UO,4,Morbius (2022),Morbius,2022,1.0,526896.0,/Av8Z2jZhEm1FLkFzMThzz9hndJF.jpg,0.035834894,False
https://boxd.it/u7UO,5,Flight Risk (2025),Flight Risk,2025,1.0,1126166.0,/q0bCG4NX32iIEsRFZqRtuvzNCyZ.jpg,0.034581907,False
https://boxd.it/6xza,1,The Rocky Horror Picture Show (1975),The Rocky Horror Picture Show,1975,1.5,36685.0,/3pyE6ZqDbuJi7zrNzzQzcKTWdmN.jpg,0.035470612,False
https://boxd.it/6xza,2,Nobody 2 (2025),Nobody 2,2025,2.0,1007734.0,/svXVRoRSu6zzFtCzkRsjZS7Lqpd.jpg,0.029786767,False
https://boxd.it/6xza,3,The Last Sunrise (2026),The Last Sunrise,2026,2.5,1516698.0,/3PWJqDfygN0YNNjWsDUOXclCp3h.jpg,0.022462774,False
https://boxd.it/6xza,4,The Mandalorian and Grogu (2026),The Mandalorian and Grogu,2026,2.5,1228710.0,/uwMKWjcNID0D9jjplsjkQS2OrB4.jpg,0.021506358,False
https://boxd.it/6xza,5,The Guardians of the Galaxy Holiday Special (2022),The Guardians of the Galaxy Holiday Special,2022,4.0,774752.0,/8dqXyslZ2hv49Oiob9UjlGSHSTR.jpg,0.018757766,False
https://boxd.it/stYk,1,The Last Sunrise (2026),The Last Sunrise,2026,2.5,1516698.0,/3PWJqDfygN0YNNjWsDUOXclCp3h.jpg,0.045756705,False
https://boxd.it/stYk,2,The Drama (2026),The Drama,2026,3.5,1325734.0,/rnIOUhzwJDfgQakx8EjoNyItKgs.jpg,0.033421192,False
https://boxd.it/stYk,3,Rye Lane (2023),Rye Lane,2023,4.5,1049638.0,/int5eEKNc8g0V5i3XYaPeaC6paD.jpg,0.029828599,False
https://boxd.it/stYk,4,Eternity (2025),Eternity,2025,4.0,1259102.0,/yiwGcjfDKXD5PqQnyKUU9kspWQQ.jpg,0.027340867,False
https://boxd.it/stYk,5,The Rocky Horror Picture Show (1975),The Rocky Horror Picture Show,1975,1.5,36685.0,/3pyE6ZqDbuJi7zrNzzQzcKTWdmN.jpg,0.026865292,False
https://boxd.it/1RyG,1,Gulliver's Travels (2010),Gulliver's Travels,2010,1.5,38745.0,/6NoEtuTwZ04luk5H2DpT5ivW7Mg.jpg,0.03681409,False
https://boxd.it/1RyG,2,The Pink Panther (2006),The Pink Panther,2006,4.0,12096.0,/57ViRkdsddHLK32W8Nf3ZPLSAu4.jpg,0.035105545,False
https://boxd.it/1RyG,3,The Maiden Heist (2009),The Maiden Heist,2009,1.0,24271.0,/vrp0dqlp74A02YaUiwNpLElgTR0.jpg,0.03498189,False
https://boxd.it/1RyG,4,Thunderbirds (2004),Thunderbirds,2004,4.5,14623.0,/1jH0vADEIvuRlkvJzLUW5nVO96d.jpg,0.03361418,False
https://boxd.it/1RyG,5,You're Cordially Invited (2025),You're Cordially Invited,2025,1.5,996821.0,/muXnwAdVdEEktto0NBNMyqK3uQH.jpg,0.03333119,False
https://boxd.it/kOf0,1,The Rocky Horror Picture Show (1975),The Rocky Horror Picture Show,1975,1.5,36685.0,/3pyE6ZqDbuJi7zrNzzQzcKTWdmN.jpg,0.030525528,False
https://boxd.it/kOf0,2,The Guardians of the Galaxy Holiday Special (2022),The Guardians of the Galaxy Holiday Special,2022,4.0,774752.0,/8dqXyslZ2hv49Oiob9UjlGSHSTR.jpg,0.024955204,False
https://boxd.it/kOf0,3,M3GAN (2022),M3GAN,2022,4.0,536554.0,/d9nBoowhjiiYc4FBNtQkPY7c11H.jpg,0.023815237,False
https://boxd.it/kOf0,4,Nobody 2 (2025),Nobody 2,2025,2.0,1007734.0,/svXVRoRSu6zzFtCzkRsjZS7Lqpd.jpg,0.023206793,False
https://boxd.it/kOf0,5,Send Help (2026),Send Help,2026,3.0,1198994.0,/zbJWVHOtj3ljBzWgL1P8pxP03Up.jpg,0.022157047,False
https://boxd.it/vaiU,1,Rye Lane (2023),Rye Lane,2023,4.5,1049638.0,/int5eEKNc8g0V5i3XYaPeaC6paD.jpg,0.041672412,False
https://boxd.it/vaiU,2,The Last Sunrise (2026),The Last Sunrise,2026,2.5,1516698.0,/3PWJqDfygN0YNNjWsDUOXclCp3h.jpg,0.037908968,False
https://boxd.it/vaiU,3,The Rocky Horror Picture Show (1975),The Rocky Horror Picture Show,1975,1.5,36685.0,/3pyE6ZqDbuJi7zrNzzQzcKTWdmN.jpg,0.027877195,False
https://boxd.it/vaiU,4,An Almost Christmas Story (2024),An Almost Christmas Story,2024,4.0,1355755.0,/mQC3nIJ9DQ74t9vFzUjqP8eohgX.jpg,0.027417826,False
https://boxd.it/vaiU,5,In the Loop (2009),In the Loop,2009,4.0,19833.0,/jL6txnziFSeEifQkqnPBtaPaiXU.jpg,0.025132565,False
https://boxd.it/9Uis,1,Man Up (2015),Man Up,2015,3.5,332340.0,/tJskXY0qQcc21UzkGPyiGRKw2md.jpg,0.04370099,False
https://boxd.it/9Uis,2,The Wonder (2022),The Wonder,2022,3.5,823766.0,/wZvZgA7IkDX78UilzqBGh0QTQvC.jpg,0.034885287,False
https://boxd.it/9Uis,3,Your Christmas or Mine? (2022),Your Christmas or Mine?,2022,2.5,865559.0,/A806wuTGJECDh9krhQAhnieQcLr.jpg,0.0329011,False
https://boxd.it/9Uis,4,High School Musical 2 (2007),High School Musical 2,2007,4.0,13649.0,/kqImEYXsDIlzPpu0KxyTXIx7smW.jpg,0.02948101,False
https://boxd.it/9Uis,5,Happiness for Beginners (2023),Happiness for Beginners,2023,3.0,881209.0,/rK4jb2t3J98IXjY9O3nc8bX9yqt.jpg,0.029076325,False
https://boxd.it/uo2u,1,The Rocky Horror Picture Show (1975),The Rocky Horror Picture Show,1975,1.5,36685.0,/3pyE6ZqDbuJi7zrNzzQzcKTWdmN.jpg,0.033261918,False
https://boxd.it/uo2u,2,The Last Sunrise (2026),The Last Sunrise,2026,2.5,1516698.0,/3PWJqDfygN0YNNjWsDUOXclCp3h.jpg,0.032360114,False
https://boxd.it/uo2u,3,Nobody 2 (2025),Nobody 2,2025,2.0,1007734.0,/svXVRoRSu6zzFtCzkRsjZS7Lqpd.jpg,0.031890996,False
https://boxd.it/uo2u,4,Rye Lane (2023),Rye Lane,2023,4.5,1049638.0,/int5eEKNc8g0V5i3XYaPeaC6paD.jpg,0.026741799,False
https://boxd.it/uo2u,5,The Mandalorian and Grogu (2026),The Mandalorian and Grogu,2026,2.5,1228710.0,/uwMKWjcNID0D9jjplsjkQS2OrB4.jpg,0.026040666,False
https://boxd.it/ugoM,1,Spider-Man: Brand New Day (2026),Spider-Man: Brand New Day,2026,3.5,969681.0,/bjiS5ipwxb9JFy3XRRN4OAilSeX.jpg,0.056394134,False
https://boxd.it/ugoM,2,Mayday (2026),Mayday,2026,2.0,1137844.0,/hVXjX1jLZ1ljFSNGXpjJfbTUOa7.jpg,0.056253783,False
https://boxd.it/ugoM,3,The Mandalorian and Grogu (2026),The Mandalorian and Grogu,2026,2.5,1228710.0,/uwMKWjcNID0D9jjplsjkQS2OrB4.jpg,0.05407477,False
https://boxd.it/ugoM,4,Mortal Kombat II (2026),Mortal Kombat II,2026,2.0,931285.0,/hwRdDFIhaEmpRgoki805YvyyjZf.jpg,0.053276986,False
https://boxd.it/ugoM,5,Obsession (2025),Obsession,2025,4.0,1339713.0,/bRwnj8WEKBCvmfeUNOukJPwB43K.jpg,0.05071443,False
https://boxd.it/hgl8,1,War for the Planet of the Apes (2017),War for the Planet of the Apes,2017,4.0,281338.0,/3vYhLLxrTtZLysXtIWktmd57Snv.jpg,0.034425333,False
https://boxd.it/hgl8,2,Kingdom of the Planet of the Apes (2024),Kingdom of the Planet of the Apes,2024,3.5,653346.0,/gKkl37BQuKTanygYQG1pyYgLVgf.jpg,0.030880293,False
https://boxd.it/hgl8,3,The Rocky Horror Picture Show (1975),The Rocky Horror Picture Show,1975,1.5,36685.0,/3pyE6ZqDbuJi7zrNzzQzcKTWdmN.jpg,0.026588703,False
https://boxd.it/hgl8,4,The Fall Guy (2024),The Fall Guy,2024,4.0,746036.0,/e7olqFmzcIX5c23kX4zSmLPJi8c.jpg,0.024263699,False
https://boxd.it/hgl8,5,Masters of the Universe (2026),Masters of the Universe,2026,3.0,454639.0,/oRuyGUHdoaQxWP3SDfafGkStxTC.jpg,0.02248108,False
https://boxd.it/pf68,1,Masters of the Universe (2026),Masters of the Universe,2026,3.0,454639.0,/oRuyGUHdoaQxWP3SDfafGkStxTC.jpg,0.03171947,False
https://boxd.it/pf68,2,Send Help (2026),Send Help,2026,3.0,1198994.0,/zbJWVHOtj3ljBzWgL1P8pxP03Up.jpg,0.031504128,False
https://boxd.it/pf68,3,The Rocky Horror Picture Show (1975),The Rocky Horror Picture Show,1975,1.5,36685.0,/3pyE6ZqDbuJi7zrNzzQzcKTWdmN.jpg,0.031326197,False
https://boxd.it/pf68,4,The Mandalorian and Grogu (2026),The Mandalorian and Grogu,2026,2.5,1228710.0,/uwMKWjcNID0D9jjplsjkQS2OrB4.jpg,0.028430553,False
https://boxd.it/pf68,5,The Last Sunrise (2026),The Last Sunrise,2026,2.5,1516698.0,/3PWJqDfygN0YNNjWsDUOXclCp3h.jpg,0.025829481,False
https://boxd.it/qTXe,1,The Last Sunrise (2026),The Last Sunrise,2026,2.5,1516698.0,/3PWJqDfygN0YNNjWsDUOXclCp3h.jpg,0.036274176,False
https://boxd.it/qTXe,2,Send Help (2026),Send Help,2026,3.0,1198994.0,/zbJWVHOtj3ljBzWgL1P8pxP03Up.jpg,0.026516259,False
https://boxd.it/qTXe,3,The Rocky Horror Picture Show (1975),The Rocky Horror Picture Show,1975,1.5,36685.0,/3pyE6ZqDbuJi7zrNzzQzcKTWdmN.jpg,0.025145797,False
https://boxd.it/qTXe,4,Roald Dahl's Matilda the Musical (2022),Roald Dahl's Matilda the Musical,2022,3.0,668482.0,/ga8R3OiOMMgSvZ4cOj8x7prUNYZ.jpg,0.02353675,False
https://boxd.it/qTXe,5,The Mandalorian and Grogu (2026),The Mandalorian and Grogu,2026,2.5,1228710.0,/uwMKWjcNID0D9jjplsjkQS2OrB4.jpg,0.023274876,False
https://boxd.it/tdq4,1,The Last Sunrise (2026),The Last Sunrise,2026,2.5,1516698.0,/3PWJqDfygN0YNNjWsDUOXclCp3h.jpg,0.053445008,False
https://boxd.it/tdq4,2,Bottoms (2023),Bottoms,2023,4.0,814776.0,/jeyTQrNEpyE1LZIgVlswYh3sc34.jpg,0.031870045,False
https://boxd.it/tdq4,3,I Used to Be Funny (2023),I Used to Be Funny,2023,3.5,918287.0,/vL9osUSzKYdDphezKibmCjCH0xD.jpg,0.022918722,False
https://boxd.it/tdq4,4,The Drama (2026),The Drama,2026,3.5,1325734.0,/rnIOUhzwJDfgQakx8EjoNyItKgs.jpg,0.022797253,False
https://boxd.it/tdq4,5,Roald Dahl's Matilda the Musical (2022),Roald Dahl's Matilda the Musical,2022,3.0,668482.0,/ga8R3OiOMMgSvZ4cOj8x7prUNYZ.jpg,0.019491944,False
https://boxd.it/147m,1,War for the Planet of the Apes (2017),War for the Planet of the Apes,2017,4.0,281338.0,/3vYhLLxrTtZLysXtIWktmd57Snv.jpg,0.03689964,False
https://boxd.it/147m,2,Black Widow (2021),Black Widow,2021,3.0,497698.0,/qAZ0pzat24kLdO3o8ejmbLxyOac.jpg,0.03339368,False
https://boxd.it/147m,3,Masters of the Universe (2026),Masters of the Universe,2026,3.0,454639.0,/oRuyGUHdoaQxWP3SDfafGkStxTC.jpg,0.032776516,False
https://boxd.it/147m,4,Iron Man 2 (2010),Iron Man 2,2010,3.5,10138.0,/6WBeq4fCfn7AN0o21W9qNcRF2l9.jpg,0.029306265,False
https://boxd.it/147m,5,M3GAN 2.0 (2025),M3GAN 2.0,2025,2.5,1071585.0,/oekamLQrwlJjRNmfaBE4llIvkir.jpg,0.022792108,False
https://boxd.it/vkfm,1,The Last Sunrise (2026),The Last Sunrise,2026,2.5,1516698.0,/3PWJqDfygN0YNNjWsDUOXclCp3h.jpg,0.037337724,False
https://boxd.it/vkfm,2,The Drama (2026),The Drama,2026,3.5,1325734.0,/rnIOUhzwJDfgQakx8EjoNyItKgs.jpg,0.03587725,False
https://boxd.it/vkfm,3,Send Help (2026),Send Help,2026,3.0,1198994.0,/zbJWVHOtj3ljBzWgL1P8pxP03Up.jpg,0.03290307,False
https://boxd.it/vkfm,4,The Rocky Horror Picture Show (1975),The Rocky Horror Picture Show,1975,1.5,36685.0,/3pyE6ZqDbuJi7zrNzzQzcKTWdmN.jpg,0.028223865,False
https://boxd.it/vkfm,5,Roald Dahl's Matilda the Musical (2022),Roald Dahl's Matilda the Musical,2022,3.0,668482.0,/ga8R3OiOMMgSvZ4cOj8x7prUNYZ.jpg,0.026345111,False
https://boxd.it/2E8W,1,Thunderbirds (2004),Thunderbirds,2004,4.5,14623.0,/1jH0vADEIvuRlkvJzLUW5nVO96d.jpg,0.034903273,False
https://boxd.it/2E8W,2,Gulliver's Travels (2010),Gulliver's Travels,2010,1.5,38745.0,/6NoEtuTwZ04luk5H2DpT5ivW7Mg.jpg,0.033301573,False
https://boxd.it/2E8W,3,The House (2017),The House,2017,4.0,345914.0,/hkmWkVgirei79bwds23Hr0lWSXS.jpg,0.032124534,False
https://boxd.it/2E8W,4,The Out-Laws (2023),The Out-Laws,2023,0.5,921636.0,/5dliMQ2ODbGNoq0hlefdnuXQxMw.jpg,0.029451033,False
https://boxd.it/2E8W,5,You're Cordially Invited (2025),You're Cordially Invited,2025,1.5,996821.0,/muXnwAdVdEEktto0NBNMyqK3uQH.jpg,0.027878828,False
https://boxd.it/43bI,1,Obsession (2025),Obsession,2025,4.0,1339713.0,/bRwnj8WEKBCvmfeUNOukJPwB43K.jpg,0.03821918,False
https://boxd.it/43bI,2,Spider-Man: Brand New Day (2026),Spider-Man: Brand New Day,2026,3.5,969681.0,/bjiS5ipwxb9JFy3XRRN4OAilSeX.jpg,0.034443066,False
https://boxd.it/43bI,3,Mortal Kombat II (2026),Mortal Kombat II,2026,2.0,931285.0,/hwRdDFIhaEmpRgoki805YvyyjZf.jpg,0.03366794,False
https://boxd.it/43bI,4,Mayday (2026),Mayday,2026,2.0,1137844.0,/hVXjX1jLZ1ljFSNGXpjJfbTUOa7.jpg,0.033416737,False
https://boxd.it/43bI,5,The Mandalorian and Grogu (2026),The Mandalorian and Grogu,2026,2.5,1228710.0,/uwMKWjcNID0D9jjplsjkQS2OrB4.jpg,0.03022205,False
https://boxd.it/3SNm,1,Bridesmaids (2011),Bridesmaids,2011,4.0,55721.0,/gJtA7hYsBMQ7EM3sPBMUdBfU7a0.jpg,0.030216398,False
https://boxd.it/3SNm,2,Monsters vs Aliens (2009),Monsters vs Aliens,2009,3.5,15512.0,/hpHarddVj34j53T7NsoUGdKj4mP.jpg,0.027366579,False
https://boxd.it/3SNm,3,Ticket to Paradise (2022),Ticket to Paradise,2022,3.0,800939.0,/1tzERH50P5c2mFWtLbgixzLZS1L.jpg,0.025651883,False
https://boxd.it/3SNm,4,27 Dresses (2008),27 Dresses,2008,2.5,6557.0,/rEfourJfgEyKiewwH8ZkUYt9AqE.jpg,0.024595667,False
https://boxd.it/3SNm,5,Percy Jackson & the Olympians: The Lightning Thief (2010),Percy Jackson & the Olympians: The Lightning Thief,2010,3.5,32657.0,/brzpTyZ5bnM7s53C1KSk1TmrMO6.jpg,0.024338903,False
https://boxd.it/1Q1m,1,The Last Sunrise (2026),The Last Sunrise,2026,2.5,1516698.0,/3PWJqDfygN0YNNjWsDUOXclCp3h.jpg,0.02873974,False
https://boxd.it/1Q1m,2,Don't Worry Darling (2022),Don't Worry Darling,2022,2.0,619730.0,/wjAJWfuE5OQm5zerlOAbTxdHFMV.jpg,0.026328558,False
https://boxd.it/1Q1m,3,Nobody 2 (2025),Nobody 2,2025,2.0,1007734.0,/svXVRoRSu6zzFtCzkRsjZS7Lqpd.jpg,0.024328258,False
https://boxd.it/1Q1m,4,The Rocky Horror Picture Show (1975),The Rocky Horror Picture Show,1975,1.5,36685.0,/3pyE6ZqDbuJi7zrNzzQzcKTWdmN.jpg,0.023214582,False
https://boxd.it/1Q1m,5,M3GAN (2022),M3GAN,2022,4.0,536554.0,/d9nBoowhjiiYc4FBNtQkPY7c11H.jpg,0.019685114,False
https://boxd.it/qLmE,1,The End We Start From (2023),The End We Start From,2023,3.5,973778.0,/S9U0axheNakD9LQusEpFijDgSe.jpg,0.055833332,False
https://boxd.it/qLmE,2,This Is Me…Now (2024),This Is Me…Now,2024,2.0,1217343.0,/nEMSjYpT0B7uxNwu1kEU8fTycs4.jpg,0.0526041,False
https://boxd.it/qLmE,3,Me Time (2022),Me Time,2022,3.5,862551.0,/bkjPoisqAavXUvtoirxTEcLLQyI.jpg,0.045471814,False
https://boxd.it/qLmE,4,Y2K (2024),Y2K,2024,2.5,1094274.0,/qndubIQalyxBJI5EBNZKGXEX74q.jpg,0.042403147,False
https://boxd.it/qLmE,5,Interceptor (2022),Interceptor,2022,2.5,831946.0,/jBKNAfANo4e3rzJtb7aHfYNd7b3.jpg,0.039388243,False
https://boxd.it/ngU,1,Batman v Superman: Dawn of Justice (2016),Batman v Superman: Dawn of Justice,2016,2.5,209112.0,/5UsK3grJvtQrtzEgqNlDljJW96w.jpg,0.04394053,False
https://boxd.it/ngU,2,Transformers: Revenge of the Fallen (2009),Transformers: Revenge of the Fallen,2009,1.5,8373.0,/pLBb0whOzVDtJvyD4DPeQyQNOqp.jpg,0.03650116,False
https://boxd.it/ngU,3,Rebel Moon – Part One: A Child of Fire (2023),Rebel Moon – Part One: A Child of Fire,2023,1.5,848326.0,/ui4DrH1cKk2vkHshcUcGt2lKxCm.jpg,0.031070512,False
https://boxd.it/ngU,4,Triple Frontier (2019),Triple Frontier,2019,3.0,399361.0,/aBw8zYuAljVM1FeK5bZKITPH8ZD.jpg,0.028716285,False
https://boxd.it/ngU,5,The Other Guys (2010),The Other Guys,2010,4.0,27581.0,/wNEHNqo3MgHmj3BUiPSqqq5czcm.jpg,0.027065294,False
https://boxd.it/cPym,1,War for the Planet of the Apes (2017),War for the Planet of the Apes,2017,4.0,281338.0,/3vYhLLxrTtZLysXtIWktmd57Snv.jpg,0.050533794,False
https://boxd.it/cPym,2,Black Panther: Wakanda Forever (2022),Black Panther: Wakanda Forever,2022,3.5,505642.0,/sv1xJUazXeYqALzczSZ3O6nkH75.jpg,0.025952898,False
https://boxd.it/cPym,3,The Rocky Horror Picture Show (1975),The Rocky Horror Picture Show,1975,1.5,36685.0,/3pyE6ZqDbuJi7zrNzzQzcKTWdmN.jpg,0.021103676,False
https://boxd.it/cPym,4,M3GAN (2022),M3GAN,2022,4.0,536554.0,/d9nBoowhjiiYc4FBNtQkPY7c11H.jpg,0.020327726,False
https://boxd.it/cPym,5,The Last Sunrise (2026),The Last Sunrise,2026,2.5,1516698.0,/3PWJqDfygN0YNNjWsDUOXclCp3h.jpg,0.018646846,False
https://boxd.it/u2Q8,1,Friendship (2024),Friendship,2024,3.0,1239655.0,/eikAu9gPJTQQmwFwa1zX5Hfz96P.jpg,0.028707352,False
https://boxd.it/u2Q8,2,Now You See Me: Now You Don't (2025),Now You See Me: Now You Don't,2025,2.5,425274.0,/oD3Eey4e4Z259XLm3eD3WGcoJAh.jpg,0.027209025,False
https://boxd.it/u2Q8,3,Happiness for Beginners (2023),Happiness for Beginners,2023,3.0,881209.0,/rK4jb2t3J98IXjY9O3nc8bX9yqt.jpg,0.024586292,False
https://boxd.it/u2Q8,4,The Thursday Murder Club (2025),The Thursday Murder Club,2025,2.5,744653.0,/jbnazCHr8S2l2glyvjPTpa4NbEw.jpg,0.024520753,False
https://boxd.it/u2Q8,5,Death of a Unicorn (2025),Death of a Unicorn,2025,3.0,1153714.0,/xWlF2i51zUq7BUq4iJte1g9NyIM.jpg,0.024161983,False
https://boxd.it/dLxm,1,The Rocky Horror Picture Show (1975),The Rocky Horror Picture Show,1975,1.5,36685.0,/3pyE6ZqDbuJi7zrNzzQzcKTWdmN.jpg,0.03145661,False
https://boxd.it/dLxm,2,Send Help (2026),Send Help,2026,3.0,1198994.0,/zbJWVHOtj3ljBzWgL1P8pxP03Up.jpg,0.022675328,False
https://boxd.it/dLxm,3,The Good Nurse (2022),The Good Nurse,2022,3.0,541134.0,/rSq6cq0LCcbro10jbEaPTEb3WmW.jpg,0.022572257,False
https://boxd.it/dLxm,4,A Christmas Carol (1999),A Christmas Carol,1999,2.5,16716.0,/oi1NcVDXlFEsdpLp37BJmFbVlg9.jpg,0.022055894,False
https://boxd.it/dLxm,5,The Mandalorian and Grogu (2026),The Mandalorian and Grogu,2026,2.5,1228710.0,/uwMKWjcNID0D9jjplsjkQS2OrB4.jpg,0.021955771,False
https://boxd.it/C69e,1,Friendship (2024),Friendship,2024,3.0,1239655.0,/eikAu9gPJTQQmwFwa1zX5Hfz96P.jpg,0.044854987,False
https://boxd.it/C69e,2,Happiness for Beginners (2023),Happiness for Beginners,2023,3.0,881209.0,/rK4jb2t3J98IXjY9O3nc8bX9yqt.jpg,0.040285453,False
https://boxd.it/C69e,3,Emily the Criminal (2022),Emily the Criminal,2022,4.0,862965.0,/iZvzMpREGiqDQ5eYbx8z70qPgst.jpg,0.027822522,False
https://boxd.it/C69e,4,Death of a Unicorn (2025),Death of a Unicorn,2025,3.0,1153714.0,/xWlF2i51zUq7BUq4iJte1g9NyIM.jpg,0.027235616,False
https://boxd.it/C69e,5,The Thursday Murder Club (2025),The Thursday Murder Club,2025,2.5,744653.0,/jbnazCHr8S2l2glyvjPTpa4NbEw.jpg,0.023545858,False
https://boxd.it/9AlG,1,Roald Dahl's Matilda the Musical (2022),Roald Dahl's Matilda the Musical,2022,3.0,668482.0,/ga8R3OiOMMgSvZ4cOj8x7prUNYZ.jpg,0.034248337,False
https://boxd.it/9AlG,2,Bottoms (2023),Bottoms,2023,4.0,814776.0,/jeyTQrNEpyE1LZIgVlswYh3sc34.jpg,0.033567645,False
https://boxd.it/9AlG,3,The Last Sunrise (2026),The Last Sunrise,2026,2.5,1516698.0,/3PWJqDfygN0YNNjWsDUOXclCp3h.jpg,0.028071309,False
https://boxd.it/9AlG,4,Rye Lane (2023),Rye Lane,2023,4.5,1049638.0,/int5eEKNc8g0V5i3XYaPeaC6paD.jpg,0.02581704,False
https://boxd.it/9AlG,5,Mickey 17 (2025),Mickey 17,2025,3.5,696506.0,/edKpE9B5qN3e559OuMCLZdW1iBZ.jpg,0.02144159,False
https://boxd.it/n8ru,1,Happiness for Beginners (2023),Happiness for Beginners,2023,3.0,881209.0,/rK4jb2t3J98IXjY9O3nc8bX9yqt.jpg,0.04002826,False
https://boxd.it/n8ru,2,Friendship (2024),Friendship,2024,3.0,1239655.0,/eikAu9gPJTQQmwFwa1zX5Hfz96P.jpg,0.036247663,False
https://boxd.it/n8ru,3,Do Revenge (2022),Do Revenge,2022,4.0,762968.0,/akIjKJDHcVN4bzifcEarKVPNpoa.jpg,0.029166779,False
https://boxd.it/n8ru,4,The Wonder (2022),The Wonder,2022,3.5,823766.0,/wZvZgA7IkDX78UilzqBGh0QTQvC.jpg,0.027541135,False
https://boxd.it/n8ru,5,I Used to Be Funny (2023),I Used to Be Funny,2023,3.5,918287.0,/vL9osUSzKYdDphezKibmCjCH0xD.jpg,0.027019702,False
https://boxd.it/1Spq,1,Percy Jackson & the Olympians: The Lightning Thief (2010),Percy Jackson & the Olympians: The Lightning Thief,2010,3.5,32657.0,/brzpTyZ5bnM7s53C1KSk1TmrMO6.jpg,0.02729563,False
https://boxd.it/1Spq,2,Bridesmaids (2011),Bridesmaids,2011,4.0,55721.0,/gJtA7hYsBMQ7EM3sPBMUdBfU7a0.jpg,0.025267975,False
https://boxd.it/1Spq,3,Supergirl (2026),Supergirl,2026,2.0,1081003.0,/uhzRnTW4DM13UQBvZP3eVNzQTuz.jpg,0.020818781,False
https://boxd.it/1Spq,4,Man of Steel (2013),Man of Steel,2013,3.0,49521.0,/8GFtkImmK0K1VaUChR0n9O61CFU.jpg,0.020676082,False
https://boxd.it/1Spq,5,The Cabin in the Woods (2011),The Cabin in the Woods,2011,2.0,22970.0,/zZZe5wn0udlhMtdlDjN4NB72R6e.jpg,0.020274268,False
https://boxd.it/tNWU,1,Obsession (2025),Obsession,2025,4.0,1339713.0,/bRwnj8WEKBCvmfeUNOukJPwB43K.jpg,0.059488997,False
https://boxd.it/tNWU,2,Spider-Man: Brand New Day (2026),Spider-Man: Brand New Day,2026,3.5,969681.0,/bjiS5ipwxb9JFy3XRRN4OAilSeX.jpg,0.05927326,False
https://boxd.it/tNWU,3,Mayday (2026),Mayday,2026,2.0,1137844.0,/hVXjX1jLZ1ljFSNGXpjJfbTUOa7.jpg,0.05508608,False
https://boxd.it/tNWU,4,Mortal Kombat II (2026),Mortal Kombat II,2026,2.0,931285.0,/hwRdDFIhaEmpRgoki805YvyyjZf.jpg,0.05177933,False
https://boxd.it/tNWU,5,The Mandalorian and Grogu (2026),The Mandalorian and Grogu,2026,2.5,1228710.0,/uwMKWjcNID0D9jjplsjkQS2OrB4.jpg,0.048378907,False
https://boxd.it/vEE2,1,Ferrari (2023),Ferrari,2023,2.5,365620.0,/LyCOcGqOTyTmaXu2TK8LfGveIb.jpg,0.038869727,False
https://boxd.it/vEE2,2,The Roses (2025),The Roses,2025,3.0,1267905.0,/99O8HLHklXGzvF2TqiRqr7WddzT.jpg,0.038134392,False
https://boxd.it/vEE2,3,Friendship (2024),Friendship,2024,3.0,1239655.0,/eikAu9gPJTQQmwFwa1zX5Hfz96P.jpg,0.03410985,False
https://boxd.it/vEE2,4,Ticket to Paradise (2022),Ticket to Paradise,2022,3.0,800939.0,/1tzERH50P5c2mFWtLbgixzLZS1L.jpg,0.03225932,False
https://boxd.it/vEE2,5,The Wonder (2022),The Wonder,2022,3.5,823766.0,/wZvZgA7IkDX78UilzqBGh0QTQvC.jpg,0.029248593,False
https://boxd.it/v2h0,1,The Naked Gun (2025),The Naked Gun,2025,4.0,1035259.0,/rwla9vqzrKVVKVKiOuROTIXGsxj.jpg,0.030484445,False
https://boxd.it/v2h0,2,The Instigators (2024),The Instigators,2024,3.0,1059064.0,/dnYWsIFDmygCjNg65rY3uBymx81.jpg,0.030341374,False
https://boxd.it/v2h0,3,A Quiet Place: Day One (2024),A Quiet Place: Day One,2024,2.5,762441.0,/hU42CRk14JuPEdqZG3AWmagiPAP.jpg,0.02855413,False
https://boxd.it/v2h0,4,Now You See Me: Now You Don't (2025),Now You See Me: Now You Don't,2025,2.5,425274.0,/oD3Eey4e4Z259XLm3eD3WGcoJAh.jpg,0.027310908,False
https://boxd.it/v2h0,5,No Hard Feelings (2023),No Hard Feelings,2023,3.5,884605.0,/gD72DhJ7NbfxvtxGiAzLaa0xaoj.jpg,0.025937222,False
https://boxd.it/39WI,1,Batman v Superman: Dawn of Justice (2016),Batman v Superman: Dawn of Justice,2016,2.5,209112.0,/5UsK3grJvtQrtzEgqNlDljJW96w.jpg,0.053475477,False
https://boxd.it/39WI,2,The Pink Panther (2006),The Pink Panther,2006,4.0,12096.0,/57ViRkdsddHLK32W8Nf3ZPLSAu4.jpg,0.04145449,False
https://boxd.it/39WI,3,The House (2017),The House,2017,4.0,345914.0,/hkmWkVgirei79bwds23Hr0lWSXS.jpg,0.036986716,False
https://boxd.it/39WI,4,The Pink Panther 2 (2009),The Pink Panther 2,2009,3.5,15159.0,/aPg6iZjnBUlsmnCSGHX85T82AJ4.jpg,0.035173796,False
https://boxd.it/39WI,5,Gulliver's Travels (2010),Gulliver's Travels,2010,1.5,38745.0,/6NoEtuTwZ04luk5H2DpT5ivW7Mg.jpg,0.029790677,False
https://boxd.it/CP8U,1,Friendship (2024),Friendship,2024,3.0,1239655.0,/eikAu9gPJTQQmwFwa1zX5Hfz96P.jpg,0.036056075,False
https://boxd.it/CP8U,2,The Roses (2025),The Roses,2025,3.0,1267905.0,/99O8HLHklXGzvF2TqiRqr7WddzT.jpg,0.03452158,False
https://boxd.it/CP8U,3,Happiness for Beginners (2023),Happiness for Beginners,2023,3.0,881209.0,/rK4jb2t3J98IXjY9O3nc8bX9yqt.jpg,0.03151058,False
https://boxd.it/CP8U,4,Ticket to Paradise (2022),Ticket to Paradise,2022,3.0,800939.0,/1tzERH50P5c2mFWtLbgixzLZS1L.jpg,0.028458744,False
https://boxd.it/CP8U,5,Ferrari (2023),Ferrari,2023,2.5,365620.0,/LyCOcGqOTyTmaXu2TK8LfGveIb.jpg,0.028038016,False
https://boxd.it/zaDQ,1,Karate Kid: Legends (2025),Karate Kid: Legends,2025,1.5,1011477.0,/c90Lt7OQGsOmhv6x4JoFdoHzw5l.jpg,0.023568302,False
https://boxd.it/zaDQ,2,Nobody 2 (2025),Nobody 2,2025,2.0,1007734.0,/svXVRoRSu6zzFtCzkRsjZS7Lqpd.jpg,0.022058362,False
https://boxd.it/zaDQ,3,Kandahar (2023),Kandahar,2023,1.5,717930.0,/lCanGgsqF4xD2WA5NF8PWeT3IXd.jpg,0.021844001,False
https://boxd.it/zaDQ,4,The Last Sunrise (2026),The Last Sunrise,2026,2.5,1516698.0,/3PWJqDfygN0YNNjWsDUOXclCp3h.jpg,0.021381596,False
https://boxd.it/zaDQ,5,Deep Cover (2025),Deep Cover,2025,3.5,1239193.0,/yYfaChljpg6eo9ZlFyTmI81PMZC.jpg,0.02020082,False
https://boxd.it/29CG,1,Supergirl (2026),Supergirl,2026,2.0,1081003.0,/uhzRnTW4DM13UQBvZP3eVNzQTuz.jpg,0.0233711,False
https://boxd.it/29CG,2,Man of Steel (2013),Man of Steel,2013,3.0,49521.0,/8GFtkImmK0K1VaUChR0n9O61CFU.jpg,0.022986593,False
https://boxd.it/29CG,3,The Lego Movie 2: The Second Part (2019),The Lego Movie 2: The Second Part,2019,3.5,280217.0,/QTESAsBVZwjtGJNDP7utiGV37z.jpg,0.019967664,False
https://boxd.it/29CG,4,Triple Frontier (2019),Triple Frontier,2019,3.0,399361.0,/aBw8zYuAljVM1FeK5bZKITPH8ZD.jpg,0.01978433,False
https://boxd.it/29CG,5,Thunderbirds (2004),Thunderbirds,2004,4.5,14623.0,/1jH0vADEIvuRlkvJzLUW5nVO96d.jpg,0.01974039,False
https://boxd.it/20hO,1,Mamma Mia! (2008),Mamma Mia!,2008,4.5,11631.0,/xYLiCWmAMHJubx5jNZ7HuXKjAbV.jpg,0.039658282,False
https://boxd.it/20hO,2,28 Days Later (2002),28 Days Later,2002,3.0,170.0,/sQckQRt17VaWbo39GIu0TMOiszq.jpg,0.03729247,False
https://boxd.it/20hO,3,The Rocky Horror Picture Show (1975),The Rocky Horror Picture Show,1975,1.5,36685.0,/3pyE6ZqDbuJi7zrNzzQzcKTWdmN.jpg,0.027739672,False
https://boxd.it/20hO,4,The Terminal (2004),The Terminal,2004,3.5,594.0,/cPB3ZMM4UdsSAhNdS4c7ps5nypY.jpg,0.024101742,False
https://boxd.it/20hO,5,"Crazy, Stupid, Love. (2011)","Crazy, Stupid, Love.",2011,4.0,50646.0,/p4RafgAPk558muOjnBMHhMArjS2.jpg,0.023922058,False
https://boxd.it/nC20,1,Friendship (2024),Friendship,2024,3.0,1239655.0,/eikAu9gPJTQQmwFwa1zX5Hfz96P.jpg,0.028809309,False
https://boxd.it/nC20,2,The Last Sunrise (2026),The Last Sunrise,2026,2.5,1516698.0,/3PWJqDfygN0YNNjWsDUOXclCp3h.jpg,0.027170662,False
https://boxd.it/nC20,3,Supergirl (2026),Supergirl,2026,2.0,1081003.0,/uhzRnTW4DM13UQBvZP3eVNzQTuz.jpg,0.021674499,False
https://boxd.it/nC20,4,Ricky Stanicky (2024),Ricky Stanicky,2024,3.0,1022690.0,/oJQdLfrpl4CQsHAKIxd3DJqYTVq.jpg,0.020284234,False
https://boxd.it/nC20,5,The Roses (2025),The Roses,2025,3.0,1267905.0,/99O8HLHklXGzvF2TqiRqr7WddzT.jpg,0.020249221,False
https://boxd.it/HIBA,1,The Rocky Horror Picture Show (1975),The Rocky Horror Picture Show,1975,1.5,36685.0,/3pyE6ZqDbuJi7zrNzzQzcKTWdmN.jpg,0.054795925,False
https://boxd.it/HIBA,2,The Mandalorian and Grogu (2026),The Mandalorian and Grogu,2026,2.5,1228710.0,/uwMKWjcNID0D9jjplsjkQS2OrB4.jpg,0.05122645,False
https://boxd.it/HIBA,3,Mayday (2026),Mayday,2026,2.0,1137844.0,/hVXjX1jLZ1ljFSNGXpjJfbTUOa7.jpg,0.047319323,False
https://boxd.it/HIBA,4,Mortal Kombat II (2026),Mortal Kombat II,2026,2.0,931285.0,/hwRdDFIhaEmpRgoki805YvyyjZf.jpg,0.045598444,False
https://boxd.it/HIBA,5,Spider-Man: Brand New Day (2026),Spider-Man: Brand New Day,2026,3.5,969681.0,/bjiS5ipwxb9JFy3XRRN4OAilSeX.jpg,0.04345246,False
https://boxd.it/iYBQ,1,Mortal Kombat II (2026),Mortal Kombat II,2026,2.0,931285.0,/hwRdDFIhaEmpRgoki805YvyyjZf.jpg,0.046617948,False
https://boxd.it/iYBQ,2,Obsession (2025),Obsession,2025,4.0,1339713.0,/bRwnj8WEKBCvmfeUNOukJPwB43K.jpg,0.04382208,False
https://boxd.it/iYBQ,3,Mayday (2026),Mayday,2026,2.0,1137844.0,/hVXjX1jLZ1ljFSNGXpjJfbTUOa7.jpg,0.040923312,False
https://boxd.it/iYBQ,4,Spider-Man: Brand New Day (2026),Spider-Man: Brand New Day,2026,3.5,969681.0,/bjiS5ipwxb9JFy3XRRN4OAilSeX.jpg,0.03966351,False
https://boxd.it/iYBQ,5,The Rocky Horror Picture Show (1975),The Rocky Horror Picture Show,1975,1.5,36685.0,/3pyE6ZqDbuJi7zrNzzQzcKTWdmN.jpg,0.038162183,False
https://boxd.it/b2L0,1,Obsession (2025),Obsession,2025,4.0,1339713.0,/bRwnj8WEKBCvmfeUNOukJPwB43K.jpg,0.042996526,False
https://boxd.it/b2L0,2,Spider-Man: Brand New Day (2026),Spider-Man: Brand New Day,2026,3.5,969681.0,/bjiS5ipwxb9JFy3XRRN4OAilSeX.jpg,0.038743332,False
https://boxd.it/b2L0,3,Mortal Kombat II (2026),Mortal Kombat II,2026,2.0,931285.0,/hwRdDFIhaEmpRgoki805YvyyjZf.jpg,0.038243327,False
https://boxd.it/b2L0,4,The Rocky Horror Picture Show (1975),The Rocky Horror Picture Show,1975,1.5,36685.0,/3pyE6ZqDbuJi7zrNzzQzcKTWdmN.jpg,0.037909966,False
https://boxd.it/b2L0,5,Mayday (2026),Mayday,2026,2.0,1137844.0,/hVXjX1jLZ1ljFSNGXpjJfbTUOa7.jpg,0.036949106,False
https://boxd.it/1TAO,1,The Rocky Horror Picture Show (1975),The Rocky Horror Picture Show,1975,1.5,36685.0,/3pyE6ZqDbuJi7zrNzzQzcKTWdmN.jpg,0.07341452,False
https://boxd.it/1TAO,2,The Mandalorian and Grogu (2026),The Mandalorian and Grogu,2026,2.5,1228710.0,/uwMKWjcNID0D9jjplsjkQS2OrB4.jpg,0.046946347,False
https://boxd.it/1TAO,3,Mayday (2026),Mayday,2026,2.0,1137844.0,/hVXjX1jLZ1ljFSNGXpjJfbTUOa7.jpg,0.04345846,False
https://boxd.it/1TAO,4,Spider-Man: Brand New Day (2026),Spider-Man: Brand New Day,2026,3.5,969681.0,/bjiS5ipwxb9JFy3XRRN4OAilSeX.jpg,0.04039748,False
https://boxd.it/1TAO,5,Mortal Kombat II (2026),Mortal Kombat II,2026,2.0,931285.0,/hwRdDFIhaEmpRgoki805YvyyjZf.jpg,0.040054884,False
