source,film_uri,film_key,film_title,film_year,tmdb_id,pred,release_shown,runtime,genres,overview,director,original_language,poster_path,out_of_range,sensitive_poster
watchlist,https://boxd.it/RZZO,The Scout (2025),The Scout,2025.0,1403519.0,3.87854053861638,2026-09-25,89,Drama|Comedy,"Sofia works as a location scout for a TV pilot filming in New York City. It’s her job to find the homes, businesses, and exteriors where the show will be filmed. Driving around the city's different neighborhoods, she enters the private spaces of strangers to photograph their cozy apartments and eclectic shops, stepping into the fabric of their lives while trying to satisfy the demands of her erratic employers. Over a day filled with these encounters, Sofia witnesses moments of curiosity, vulnerability, and quiet tension until her work takes a sudden, personal turn.",Paula Andrea Gonzalez-Nasser,en,/6cKjHu5Jog6wb65leue376lgSqY.jpg,,False
watchlist,https://boxd.it/TcSy,Coward (2026),Coward,2026.0,1437981.0,3.86349781703585,2026-10-21,120,Drama|Romance|War,"Pierre, a young Belgian soldier, wants to prove himself on the battlefield during the First World War. Behind the frontlines, he meets Francis, who is asked to find a way to boost morale.",Lukas Dhont,fr,/l05jDisMYVVpyAH3zgx1bUqPocZ.jpg,,False
watchlist,https://boxd.it/MRPQ,The Social Reckoning (2026),The Social Reckoning,2026.0,1281331.0,3.860532214105724,2026-10-07,112,Drama|Thriller,"Frances Haugen, a young Facebook engineer, enlists the help of Jeff Horwitz, a Wall Street Journal reporter, to go on a dangerous journey that ends up blowing the whistle on the social network's most guarded secrets.",Aaron Sorkin,en,/qZr5bxGXE1t2A9pNSikb9fQKzov.jpg,,False
watchlist,https://boxd.it/SDaQ,La Bola Negra (2026),La Bola Negra,2026.0,1422041.0,3.850669523978735,2026-09-25,155,Drama|War,"The intertwined lives of three men in three different eras, three lives intimately linked by sexuality and desire, pain, and legacy.",Javier Ambrossi,es,/oNvDkdJ0Ykx4sOrcxsFtE6LoOS.jpg,,False
watchlist,https://boxd.it/ImWe,Dune: Part Three (2026),Dune: Part Three,2026.0,1170608.0,3.850086724430408,2026-12-15,140,Science Fiction|Adventure,Emperor Paul Atreides faces the fallout from his ascent to power as political plots and a galaxy-wide holy war endanger the future only he can see.,Denis Villeneuve,en,/d43fvHQsIMa4kpyhKXw0haEJIvI.jpg,,False
watchlist,https://boxd.it/R6Xe,The Gallerist (2026),The Gallerist,2026.0,1379537.0,3.836087966334472,2026-12-04,88,Comedy|Drama,A desperate gallerist conspires to sell a dead body at Art Basel Miami.,Cathy Yan,en,/xqqno510An90CfExaIW5Co7m0xY.jpg,,False
watchlist,https://boxd.it/X3MY,Ink (2026),Ink,2026.0,1532610.0,3.82120210692163,2026-12-10,116,Drama|History,"A group of misfits and visionaries had an idea for a new kind of news - one that would give the people what they want, and would change the face of the world we live in today.",Danny Boyle,en,/aZECpoGsveEXtxogaz0GMiyVB6n.jpg,,False
watchlist,https://boxd.it/Z6lK,Club Kid (2026),Club Kid,2026.0,1585239.0,3.818541211086823,2026-11-04,126,Comedy|Drama,A hard-partying New York City club promoter sees his whirlwind lifestyle upended by the arrival of the 10-year-old son he never knew he had.,Jordan Firstman,en,/3CdM37GtEDMAp7fGlRn9MCpFjn1.jpg,,False
watchlist,https://boxd.it/LwDC,Digger (2026),Digger,2026.0,1248832.0,3.815641253281325,2026-09-30,129,Comedy,The most powerful man in the world embarks on a frantic mission to prove he is humanity's savior before the disaster he's unleashed destroys everything.,Alejandro G. Iñárritu,en,/1ATXKrIPJyKNwnJ6lcG088Sa6zi.jpg,,False
watchlist,https://boxd.it/TUbS,I See Buildings Fall Like Lightning (2026),I See Buildings Fall Like Lightning,2026.0,1455247.0,3.794284992691526,2026-12-04,109,Drama,"Childhood friends Patrick, Shiv, Rian, Oli, and Conor played together, skipped school together, and dreamt of the lives they would have one day. Now they’re thirty, and the future they imagined is slipping quietly out of reach.",Clio Barnard,en,/lsHuNs9qT8aVhVIxXNdLuVhr5CM.jpg,,False
watchlist,https://boxd.it/UPPK,Big Girls Don't Cry (2026),Big Girls Don't Cry,2026.0,1477963.0,3.7849877980554325,2026-10-08,100,Drama,"Over one transformative summer in rural New Zealand in 2006, 14-year-old Sid discovers desire, identity, and the internet as she imitates the people she longs to be loved by.",Paloma Schneideman,en,/u7AAna0FE3d0yIzlLeBbxIcvtp0.jpg,,False
watchlist,https://boxd.it/WXec,Black Church Bay (2026),Black Church Bay,2026.0,1530249.0,3.7833494580719496,2026-09-25,107,Drama|Thriller,"In a sleepy Welsh fishing village, Barry’s life starts to unravel after an intimate encounter with a younger man.",Rhys Marc Jones,en,/kJvQ2IST4eqzOdTSodse2w7tfYo.jpg,,False
watchlist,https://boxd.it/10Q8k,Clarissa (2026),Clarissa,2026.0,1630464.0,3.7655045010340995,2026-12-11,134,Drama,"A modern reimagining of the Virginia Woolf novel Mrs. Dalloway. Follows society woman Clarissa as she prepares to host a party at her home in Lagos, Nigeria, where she will unexpectedly encounter once-intimate friends from her youth. As the group reflects on their shared past over the course of a single night, memories of their intricate relationships, passionate love, hidden desires, and lost aspirations give rise to bittersweet reckoning.",Chuko Esiri,en,/9qS8heXhQdLoyGsqZHHb3HkrK62.jpg,,False
watchlist,https://boxd.it/NzPA,Josephine (2026),Josephine,2026.0,1299329.0,3.732743697768269,2026-10-22,119,Drama|Crime|Thriller,"After eight-year-old Josephine accidentally witnesses a brutal assault in Golden Gate Park, she begins acting out violently to protect herself. This emotional trauma leads to conflicts between her parents as they search for justice, and a way to feel safe again.",Beth de Araújo,en,/eqMWdviWwaRahQ7QkHLpXCpqIfu.jpg,,False
watchlist,https://boxd.it/Rw9k,The Debut (2026),The Debut,2026.0,1391239.0,3.70307847824743,2026-12-10,105,Music|Comedy|Drama,"When Mona Friedman is cast in a bit part at a small community theater, she transforms from a shy, unassuming housewife into a zealous method actor willing to do anything to protect the artistic integrity of her marginal role—even if it means waging war against the show’s domineering director.",Jesse Eisenberg,en,/5CZdxLiBpYMBXwo0rur6YzZTVP4.jpg,,False
watchlist,https://boxd.it/F1bK,A Talent for Murder (2026),A Talent for Murder,2026.0,1084409.0,3.678952519163751,2026-10-22,106,Drama|Crime,"A young man travels from New York to Switzerland to try to persuade acclaimed thriller writer Patricia Highsmith to write one final installment of her Tom Ripley series, with his efforts gradually turning more sinister.",Anton Corbijn,en,/mstDPKNKgSGFvVFVdfzeMNkcyw2.jpg,,False
popular,,Bitter Christmas (2026),Bitter Christmas,2026.0,1088548.0,3.993510542541328,2026-11-13,111,Drama|Comedy,"Elsa is an advertising director whose mother dies during a long December holiday. She works non-stop and, without realizing, doesn’t give herself time to mourn her mother’s absence. After a crisis, Elsa decides to travel to the island of Lanzarote accompanied by her friend Patricia, who also needs to get away from the city. The story of these characters runs parallel to that of a screenwriter and film director, exploring how life and fiction are inseparably linked, sometimes painfully so.",Pedro Almodóvar,es,/kiPGcHX0YT49nrab76G0bqw3gHW.jpg,,False
popular,,Once Upon a Time in the Middle East (2026),Once Upon a Time in the Middle East,2026.0,1391021.0,3.886667779238165,2026-10-09,140,Drama|War,"Xu Fu travels to the Middle East to work as a chef in a Chinese restaurant to pay off family debts, where he meets floor manager Ma Junsheng. Their Dragon Restaurant rises to fame, attracting crowds with authentic‑tasting Chinese food. But war breaks out, and local conditions take a drastic turn for the worse. No one can remain unaffected. What lies ahead for them? And how will the Dragon Restaurant hold on amid the war?",Wen Muye,zh,/wAuGgXjA7GV8NrKfmUKl2AP8vqG.jpg,,False
popular,,On the Road (2026),On the Road,2026.0,1517123.0,3.884614809394619,2026-10-28,93,Drama|Thriller|Crime,"Veneno, a rebellious young drifter, frequents roadside diners where he sleeps with truck drivers. Urgently needing a ride, he meets Muñeco, a hard-edged driver who keeps to himself. He convinces Muñeco to take him deep into the hyper-masculine world of long-haul trucking across the north of Mexico. As they travel together and an unexpected intimacy builds between them, shadows from Veneno’s past resurface, putting both their lives at risk.",David Pablos,es,/u169hcLX3OsM9eRs4wtIzi0ymGZ.jpg,,False
popular,,Fatherland (2026),Fatherland,2026.0,1437696.0,3.8457506100009984,2026-10-23,82,Drama|History,"In 1949, German writer Thomas Mann and his daughter Erika embark on a road trip across a Germany in ruins, from US-dominated Frankfurt to Soviet-controlled Weimar.",Paweł Pawlikowski,pl,/oNejN1l69nBF8LdQwy5FkAQZT44.jpg,,False
popular,,Sense and Sensibility (2026),Sense and Sensibility,2026.0,1503762.0,3.7790762288878956,2026-10-16,132,Drama|Romance,"A charming, witty, and deeply relatable story of love and sisterhood.",Georgia Oakley,en,/czsyPHosFNbh4PPqXfqWu1aBXnA.jpg,,False
popular,,Ghost in the Cell (2026),Ghost in the Cell,2026.0,1393326.0,3.7590312167118927,2026-10-02,106,Horror|Comedy|Thriller,"In a notorious prison, an invisible force begins killing inmates brutally, compelling enemy gangs and corrupt guards to work together as they try to survive the mounting bloodshed.",Joko Anwar,id,/zxcMdx0w5Zmg8yZuuiS7CJ8vOea.jpg,,False
popular,,Wild Horse Nine (2026),Wild Horse Nine,2026.0,891621.0,3.7418908959552764,2026-11-06,118,Comedy|Crime|Thriller,"Shortly before the 1973 Chilean coup, CIA agents Chris and Lee are dispatched from Santiago to Easter Island by their bureau chief, MJ. Amongst the Island's iconic statues, and as the longtime partners wrestle with their dark pasts and present conspiracies, Chris's newfound bond with a pair of rebellious students threatens to send everyone’s trip to this remote paradise sideways.",Martin McDonagh,en,/dNJFRtVg3xLQ7dbNIQ55cmmIniD.jpg,,False
popular,,Godzilla Minus Zero (2026),Godzilla Minus Zero,2026.0,1381071.0,3.7302201175296483,2026-11-06,135,Science Fiction|Horror|Action,"War reduced Japan to zero, and Godzilla plunged it into minus. Two years have passed since then, and the country has faced agonizing struggles to achieve recovery and finally reclaim its daily life. Just as humanity managed to cling to a hard-won peace, a new threat strikes, crushing hope in an instant.",Takashi Yamazaki,ja,/hSmIJluOJmTWvJs4d7kHRxjc8s8.jpg,,False
popular,,Forgotten Island (2026),Forgotten Island,2026.0,1465063.0,3.694634795814414,2026-09-25,109,Animation|Adventure|Fantasy|Comedy|Family,"While celebrating their last night together, high school graduates and best friends Jo and Raissa stumble upon a mysterious portal that transports them to the fantastical island of Nakali. When they discover that the memories of their entire friendship are the price for returning home, Jo and Raissa must race to find a way to leave the island before they forget each other forever.",Januel Mercado,en,/myd1K3gefdNAWFsGNRDdMeiK9Qg.jpg,,False
popular,,Wildwood (2026),Wildwood,2026.0,791523.0,3.690814167433472,2026-10-23,132,Animation|Adventure|Fantasy,"Prue and her classmate Curtis are drawn into a magical forest filled with enchanted creatures, loyal allies, and formidable adversaries as they embark on a desperate quest to rescue Prue’s abducted baby brother from a murder of crows led by a mysterious woman named Alexandra.",Travis Knight,en,/snFM00mpNAfUzUtkdEW0uDEvXA0.jpg,,False
popular,,Verity (2026),Verity,2026.0,1283515.0,3.684649442619659,2026-10-02,117,Mystery|Thriller,"Lowen Ashleigh is hired by Jeremy Crawford to ghostwrite novels for his bestselling author wife Verity, who is unable to finish following an accident. Lowen gradually uncovers Verity's disturbing truths while residing at the Crawfords' home to work.",Michael Showalter,en,/97y0RdzRIeZ2j6se98hRQpxz3eR.jpg,,False
popular,,Other Mommy (2026),Other Mommy,2026.0,1400837.0,3.6634817369917276,2026-10-09,93,Horror,"A young girl, Bela, forms a relationship with a sinister entity in her home who looks uncannily like her own mother.",Rob Savage,en,/fGRNCssTRrhYZxNzykGGCoMsAVq.jpg,,False
popular,,Avengers: Doomsday (2026),Avengers: Doomsday,2026.0,1003596.0,3.6592734864332632,2026-12-18,165,Science Fiction|Action|Adventure,Beloved heroes from three distinct universes are set on a deadly collision course and face an existential threat unlike anything they've ever encountered.,Joe Russo,en,/jzPwsojjFStf5lR5Nm07w2hH56G.jpg,,False
popular,,Beware Boiúna (2026),Beware Boiúna,2026.0,1244523.0,3.6460625687983823,2026-10-02,104,Adventure|Horror|Thriller,"Deep in the Amazon, a medical mission spirals into a fight for survival when Boiúna, a colossal ancient predator, awakens to reclaim her domain. In the jungle where nature holds absolute power, she decides who lives and who dies.",Mike P. Nelson,en,/tENVMxKvOkslv8kagVNdIEQ13RT.jpg,,False
popular,,Whalefall (2026),Whalefall,2026.0,1255833.0,3.641004024107373,2026-10-16,98,Thriller,"Following the death of his father, Jay Gardiner goes diving off the central Coast of California in search of his remains, but is swallowed by a massive sperm whale. While trapped inside its belly with only one hour of oxygen left, Jay comes to realize that the hard-earned lessons his father imparted may be the key to his escape.",Brian Duffield,en,/vjTYUTgh9nO88i6HZ4YPRhiFL05.jpg,,False
popular,,Clayface (2026),Clayface,2026.0,1400940.0,3.6337627976396165,2026-10-23,108,Horror|Thriller|Science Fiction,"Matt Hagen's meteoric rise from Gotham street kid to Hollywood leading man is tragically cut short when a local crime boss's actions leave him horribly disfigured. Abandoned by his team and with nothing left, Matt seeks out a cutting edge treatment that miraculously returns him to his former self… but also unexpectedly affects his grip on reality, spiraling him down a destructive path of all-consuming revenge.",James Watkins,en,/5jCpQnWPikggmQZoDp1eAi6BI6w.jpg,,False
popular,,Ray Gunn (2026),Ray Gunn,2026.0,940009.0,3.6306515840060243,2026-12-04,120,Animation|Science Fiction|Crime|Mystery,"In Metropia, a gigantic city in an alternate future as seen from 1939, private eye Raymond Gunn and his alien companion Eyera are making a living on the edge of society, delving into secrets that some people would rather keep hidden away. After accepting a sleazy spy job related to pop-star Venus Nova, Gunn finds himself drawn into a murder mystery unlike any case he’s taken.",Brad Bird,en,/rpP29aOKpHy1FhX8OZQdUICEs2j.jpg,,False
popular,,Heart of the Beast (2026),Heart of the Beast,2026.0,1263337.0,3.623422711287216,2026-09-25,101,Adventure|Thriller,"After a harrowing plane crash, Special Forces officer James Belmont and his combat dog, Odin, find themselves stranded deep in the Alaskan wilderness. Together, they are forced into a brutal fight for survival against the elements.",David Ayer,en,/1ApfSA8JTqeha3GTFEY8syV4auq.jpg,,False
popular,,The Mongoose (2026),The Mongoose,2026.0,1294189.0,3.6138558169531096,2026-10-30,99,Action|Thriller,"A falsely accused war hero with nothing to lose leads police on an epic televised cross-country car chase, helped by members of his former Special Forces Army battalion and closely monitored by a fascinated public rooting for his safe getaway.",Mark Vanselow,en,/eSS5mvSG84UUuvtbHel5Yu3Wik4.jpg,,False
popular,,Street Fighter (2026),Street Fighter,2026.0,1153576.0,3.5852366245165697,2026-10-16,119,Action|Fantasy,"In 1993, estranged Street Fighters Ryu and Ken Masters are thrown back into combat when the mysterious Chun-Li recruits them for the next World Warrior Tournament: a brutal clash of fists, fate, and fury. But behind this battle royale lies a deadly conspiracy that forces them to face off against each other and the demons of their past. And if they don't, it's GAME OVER!",Kitao Sakurai,en,/utKzCSCz2HtXwcDGfWLj2IHhSob.jpg,,False
